{
  "hvac": {
    "cols": [
      "air1",
      "air2",
      "air3",
      "furnace1",
      "furnace2",
      "airwindowunit1",
      "heater1",
      "heater2",
      "heater3"
    ],
    "threshold": {
      "min_threshold": 0.1,
      "max_threshold": 10.0
    },
    "desc": "Heating & cooling",
    "houses": [
      661,
      1642,
      2335,
      2818,
      3039,
      3456,
      3538,
      4031,
      4373,
      4767,
      5746,
      6139,
      7536,
      7719,
      7800,
      7901,
      7951,
      8565,
      9019,
      9278,
      8156,
      8386,
      2361,
      9922,
      9160
    ],
    "stats": {
      "n_houses": 25,
      "avg_on_rate": 0.3214379787938552,
      "avg_power": 2.1839523936236667
    }
  },
  "ev": {
    "cols": [
      "car1",
      "car2"
    ],
    "threshold": {
      "min_threshold": 0.2,
      "max_threshold": 15.0
    },
    "desc": "EV charging",
    "houses": [
      661,
      1642,
      4373,
      4767,
      6139,
      8156
    ],
    "stats": {
      "n_houses": 6,
      "avg_on_rate": 0.08012863128705948,
      "avg_power": 3.2215630878096655
    }
  },
  "laundry": {
    "cols": [
      "clotheswasher1",
      "drye1",
      "dryg1",
      "clotheswasher_dryg1"
    ],
    "threshold": {
      "min_threshold": 0.02,
      "max_threshold": 8.0
    },
    "desc": "Washer & dryer",
    "houses": [
      2818,
      3039,
      4373,
      6139,
      7719,
      7800,
      7901,
      7951,
      8565,
      9278,
      8156,
      9922
    ],
    "stats": {
      "n_houses": 12,
      "avg_on_rate": 0.1299061126185642,
      "avg_power": 0.9190306847294778
    }
  },
  "dishwasher": {
    "cols": [
      "dishwasher1"
    ],
    "threshold": {
      "min_threshold": 0.01,
      "max_threshold": 3.0
    },
    "desc": "Dishwasher",
    "houses": [
      3039,
      4031,
      4373,
      6139,
      7719,
      8156
    ],
    "stats": {
      "n_houses": 6,
      "avg_on_rate": 0.22327943061996422,
      "avg_power": 0.3411778558694047
    }
  },
  "refrigeration": {
    "cols": [
      "refrigerator1",
      "refrigerator2",
      "freezer1",
      "icemaker1",
      "winecooler1"
    ],
    "threshold": {
      "min_threshold": 0.05,
      "max_threshold": 5.0
    },
    "desc": "Fridge & freezer",
    "houses": [
      661,
      1642,
      2335,
      2818,
      3039,
      3456,
      3538,
      4031,
      4373,
      4767,
      5746,
      7536,
      7719,
      7800,
      7901,
      7951,
      8565,
      9019,
      9278,
      8156,
      8386,
      2361,
      9160
    ],
    "stats": {
      "n_houses": 23,
      "avg_on_rate": 0.6714927868933301,
      "avg_power": 0.14298611868606761
    }
  },
  "kitchen": {
    "cols": [
      "oven1",
      "oven2",
      "range1",
      "microwave1",
      "disposal1",
      "venthood1"
    ],
    "threshold": {
      "min_threshold": 0.02,
      "max_threshold": 8.0
    },
    "desc": "Cooking appliances",
    "houses": [
      1642,
      2335,
      4373,
      6139,
      7719,
      7800,
      7951,
      9922
    ],
    "stats": {
      "n_houses": 8,
      "avg_on_rate": 0.3894964311220878,
      "avg_power": 0.1749528366334156
    }
  }
}